{"cameraMode":{"drawMode":0,"name":"Shaded","section":"Shading Mode"},"sceneLighting":true,"audioPlay":false,"sceneViewState":{"showFog":false,"showMaterialUpdate":false,"showSkybox":false,"showFlares":false,"showImageEffects":false,"showParticleSystems":true},"in2DMode":false,"pivot":{"x":535.9783935546875,"y":205.70138549804688,"z":-2.41510009765625},"rotation":{"x":0.0011905223364010454,"y":-0.005402611568570137,"z":-0.000006434444003389217,"w":-0.9999858736991882},"size":689.2384033203125,"orthographic":false}