{"cameraMode":{"drawMode":0,"name":"Shaded","section":"Shading Mode"},"sceneLighting":true,"audioPlay":false,"sceneViewState":{"showFog":false,"showMaterialUpdate":false,"showSkybox":false,"showFlares":false,"showImageEffects":false,"showParticleSystems":true},"in2DMode":false,"pivot":{"x":528.5130004882813,"y":473.1028137207031,"z":1.5299072265625},"rotation":{"x":-0.15401993691921235,"y":-0.04681919887661934,"z":0.00730481930077076,"w":-0.9869375228881836},"size":3138.867431640625,"orthographic":false}