{"cameraMode":{"drawMode":0,"name":"Shaded","section":"Shading Mode"},"sceneLighting":true,"audioPlay":false,"sceneViewState":{"showFog":false,"showMaterialUpdate":false,"showSkybox":false,"showFlares":false,"showImageEffects":false,"showParticleSystems":true},"in2DMode":false,"pivot":{"x":241.05926513671876,"y":80.8258056640625,"z":-2.96966552734375},"rotation":{"x":-0.03929911553859711,"y":-0.005399481859058142,"z":0.00020804481755476445,"w":-0.9992135167121887},"size":1856.6475830078125,"orthographic":false}