{"cameraMode":{"drawMode":0,"name":"Shaded","section":"Shading Mode"},"sceneLighting":true,"audioPlay":false,"sceneViewState":{"showFog":false,"showMaterialUpdate":false,"showSkybox":false,"showFlares":false,"showImageEffects":false,"showParticleSystems":true},"in2DMode":false,"pivot":{"x":414.4457092285156,"y":311.6217041015625,"z":-1.35528564453125},"rotation":{"x":0.0011905223364010454,"y":-0.005402611568570137,"z":-0.000006434444003389217,"w":-0.9999858736991882},"size":594.2619018554688,"orthographic":false}